{
  "nm": "Main Scene",
  "ddd": 0,
  "h": 281,
  "w": 375,
  "meta": {
    "g": "@lottiefiles/creator 1.28.0"
  },
  "layers": [
    {
      "ty": 4,
      "nm": "White Outlines",
      "sr": 1,
      "st": 0,
      "op": 84,
      "ip": 0,
      "hd": false,
      "ddd": 0,
      "bm": 0,
      "hasMask": false,
      "ao": 0,
      "ks": {
        "a": {
          "a": 0,
          "k": [
            43,
            43,
            0
          ]
        },
        "s": {
          "a": 1,
          "k": [
            {
              "o": {
                "x": 0.333,
                "y": 0
              },
              "i": {
                "x": 0.667,
                "y": 1
              },
              "s": [
                80.531,
                80.531,
                100
              ],
              "t": 1
            },
            {
              "o": {
                "x": 0.333,
                "y": 0
              },
              "i": {
                "x": 0.667,
                "y": 1
              },
              "s": [
                100,
                100,
                100
              ],
              "t": 3
            },
            {
              "o": {
                "x": 0.167,
                "y": 0.167
              },
              "i": {
                "x": 0.833,
                "y": 0.833
              },
              "s": [
                110,
                110,
                100
              ],
              "t": 5
            },
            {
              "o": {
                "x": 0.167,
                "y": 0.167
              },
              "i": {
                "x": 0.833,
                "y": 0.833
              },
              "s": [
                110,
                110,
                100
              ],
              "t": 12
            },
            {
              "o": {
                "x": 0.167,
                "y": 0.167
              },
              "i": {
                "x": 0.833,
                "y": 0.833
              },
              "s": [
                110,
                110,
                100
              ],
              "t": 56
            },
            {
              "o": {
                "x": 0.333,
                "y": 0
              },
              "i": {
                "x": 0.667,
                "y": 1
              },
              "s": [
                110,
                110,
                100
              ],
              "t": 58.714
            },
            {
              "o": {
                "x": 0.333,
                "y": 0
              },
              "i": {
                "x": 0.667,
                "y": 1
              },
              "s": [
                100,
                100,
                100
              ],
              "t": 62.429
            },
            {
              "s": [
                80.531,
                80.531,
                100
              ],
              "t": 66.142578125
            }
          ]
        },
        "sk": {
          "a": 0,
          "k": 0
        },
        "p": {
          "a": 1,
          "k": [
            {
              "o": {
                "x": 0.333,
                "y": 0
              },
              "i": {
                "x": 0.667,
                "y": 1
              },
              "s": [
                187,
                181,
                0
              ],
              "t": 1
            },
            {
              "o": {
                "x": 0.333,
                "y": 0
              },
              "i": {
                "x": 0.667,
                "y": 1
              },
              "s": [
                187,
                85.125,
                0
              ],
              "t": 4
            },
            {
              "o": {
                "x": 0.167,
                "y": 0.167
              },
              "i": {
                "x": 0.833,
                "y": 0.833
              },
              "s": [
                187,
                90.125,
                0
              ],
              "t": 5
            },
            {
              "o": {
                "x": 0.333,
                "y": 0
              },
              "i": {
                "x": 0.667,
                "y": 1
              },
              "s": [
                187,
                90.125,
                0
              ],
              "t": 58.714
            },
            {
              "o": {
                "x": 0.333,
                "y": 0
              },
              "i": {
                "x": 0.667,
                "y": 1
              },
              "s": [
                187,
                85.125,
                0
              ],
              "t": 60.571
            },
            {
              "s": [
                187,
                181,
                0
              ],
              "t": 66.142578125
            }
          ]
        },
        "r": {
          "a": 0,
          "k": 0
        },
        "sa": {
          "a": 0,
          "k": 0
        },
        "o": {
          "a": 0,
          "k": 20
        }
      },
      "shapes": [
        {
          "ty": "sh",
          "bm": 0,
          "hd": false,
          "mn": "ADBE Vector Shape - Group",
          "nm": "Path 1",
          "ix": 1,
          "d": 1,
          "ks": {
            "a": 0,
            "k": {
              "c": true,
              "i": [
                [
                  0,
                  -23.748
                ],
                [
                  23.748,
                  0
                ],
                [
                  0,
                  23.748
                ],
                [
                  -23.748,
                  0
                ]
              ],
              "o": [
                [
                  0,
                  23.748
                ],
                [
                  -23.748,
                  0
                ],
                [
                  0,
                  -23.748
                ],
                [
                  23.748,
                  0
                ]
              ],
              "v": [
                [
                  86,
                  43
                ],
                [
                  43,
                  86
                ],
                [
                  0,
                  43
                ],
                [
                  43,
                  0
                ]
              ]
            }
          }
        },
        {
          "ty": "fl",
          "bm": 0,
          "hd": false,
          "mn": "ADBE Vector Graphic - Fill",
          "nm": "Fill 1",
          "c": {
            "a": 0,
            "k": [
              1,
              1,
              1
            ]
          },
          "r": 1,
          "o": {
            "a": 0,
            "k": 100
          }
        }
      ],
      "ind": 1
    },
    {
      "ty": 4,
      "nm": "Red circle Outlines",
      "sr": 1,
      "st": 0,
      "op": 84,
      "ip": 0,
      "hd": false,
      "ddd": 0,
      "bm": 0,
      "hasMask": false,
      "ao": 0,
      "ks": {
        "a": {
          "a": 0,
          "k": [
            56.5,
            56.5,
            0
          ]
        },
        "s": {
          "a": 1,
          "k": [
            {
              "o": {
                "x": 0.333,
                "y": 0
              },
              "i": {
                "x": 0.667,
                "y": 1
              },
              "s": [
                80.531,
                80.531,
                100
              ],
              "t": 1
            },
            {
              "o": {
                "x": 0.333,
                "y": 0
              },
              "i": {
                "x": 0.667,
                "y": 1
              },
              "s": [
                100,
                100,
                100
              ],
              "t": 4
            },
            {
              "o": {
                "x": 0.333,
                "y": 0
              },
              "i": {
                "x": 0.667,
                "y": 1
              },
              "s": [
                120,
                120,
                100
              ],
              "t": 6
            },
            {
              "o": {
                "x": 0.167,
                "y": 0.167
              },
              "i": {
                "x": 0.833,
                "y": 0.833
              },
              "s": [
                110,
                110,
                100
              ],
              "t": 12
            },
            {
              "o": {
                "x": 0.333,
                "y": 0
              },
              "i": {
                "x": 0.667,
                "y": 1
              },
              "s": [
                110,
                110,
                100
              ],
              "t": 56
            },
            {
              "o": {
                "x": 0.333,
                "y": 0
              },
              "i": {
                "x": 0.667,
                "y": 1
              },
              "s": [
                100,
                100,
                100
              ],
              "t": 60.571
            },
            {
              "s": [
                80.531,
                80.531,
                100
              ],
              "t": 66.142578125
            }
          ]
        },
        "sk": {
          "a": 0,
          "k": 0
        },
        "p": {
          "a": 1,
          "k": [
            {
              "o": {
                "x": 0.333,
                "y": 0
              },
              "i": {
                "x": 0.667,
                "y": 1
              },
              "s": [
                187,
                181,
                0
              ],
              "t": 1
            },
            {
              "o": {
                "x": 0.333,
                "y": 0
              },
              "i": {
                "x": 0.667,
                "y": 1
              },
              "s": [
                187,
                85.125,
                0
              ],
              "t": 4
            },
            {
              "o": {
                "x": 0.167,
                "y": 0.167
              },
              "i": {
                "x": 0.833,
                "y": 0.833
              },
              "s": [
                187,
                90.125,
                0
              ],
              "t": 5
            },
            {
              "o": {
                "x": 0.333,
                "y": 0
              },
              "i": {
                "x": 0.667,
                "y": 1
              },
              "s": [
                187,
                90.125,
                0
              ],
              "t": 58.714
            },
            {
              "o": {
                "x": 0.333,
                "y": 0
              },
              "i": {
                "x": 0.667,
                "y": 1
              },
              "s": [
                187,
                85.125,
                0
              ],
              "t": 60.571
            },
            {
              "s": [
                187,
                181,
                0
              ],
              "t": 66.142578125
            }
          ]
        },
        "r": {
          "a": 0,
          "k": 0
        },
        "sa": {
          "a": 0,
          "k": 0
        },
        "o": {
          "a": 0,
          "k": 100
        }
      },
      "shapes": [
        {
          "ty": "sh",
          "bm": 0,
          "hd": false,
          "mn": "ADBE Vector Shape - Group",
          "nm": "Path 1",
          "ix": 1,
          "d": 1,
          "ks": {
            "a": 0,
            "k": {
              "c": true,
              "i": [
                [
                  0,
                  -30.928
                ],
                [
                  30.928,
                  0
                ],
                [
                  0,
                  30.928
                ],
                [
                  -30.928,
                  0
                ]
              ],
              "o": [
                [
                  0,
                  30.928
                ],
                [
                  -30.928,
                  0
                ],
                [
                  0,
                  -30.928
                ],
                [
                  30.928,
                  0
                ]
              ],
              "v": [
                [
                  112.25,
                  56.25
                ],
                [
                  56.25,
                  112.25
                ],
                [
                  0.25,
                  56.25
                ],
                [
                  56.25,
                  0.25
                ]
              ]
            }
          }
        },
        {
          "ty": "mm",
          "bm": 0,
          "hd": false,
          "mn": "ADBE Vector Filter - Merge",
          "nm": "Merge Paths 1",
          "mm": 4
        },
        {
          "ty": "fl",
          "bm": 0,
          "hd": false,
          "mn": "ADBE Vector Graphic - Fill",
          "nm": "Fill 1",
          "c": {
            "a": 0,
            "k": [
              0.1294,
              0.1294,
              0.1294
            ]
          },
          "r": 1,
          "o": {
            "a": 0,
            "k": 100
          }
        }
      ],
      "ind": 2
    },
    {
      "ty": 4,
      "nm": "shadow Outlines",
      "sr": 1,
      "st": 0,
      "op": 84,
      "ip": 0,
      "hd": false,
      "ddd": 0,
      "bm": 0,
      "hasMask": false,
      "ao": 0,
      "ks": {
        "a": {
          "a": 0,
          "k": [
            26,
            11,
            0
          ]
        },
        "s": {
          "a": 0,
          "k": [
            100,
            100,
            100
          ]
        },
        "sk": {
          "a": 0,
          "k": 0
        },
        "p": {
          "a": 0,
          "k": [
            187,
            233,
            0
          ]
        },
        "r": {
          "a": 0,
          "k": 0
        },
        "sa": {
          "a": 0,
          "k": 0
        },
        "o": {
          "a": 1,
          "k": [
            {
              "o": {
                "x": 0.167,
                "y": 0.167
              },
              "i": {
                "x": 0.833,
                "y": 0.833
              },
              "s": [
                20
              ],
              "t": 0
            },
            {
              "o": {
                "x": 0.167,
                "y": 0.167
              },
              "i": {
                "x": 0.833,
                "y": 0.833
              },
              "s": [
                0
              ],
              "t": 2
            },
            {
              "o": {
                "x": 0.167,
                "y": 0.167
              },
              "i": {
                "x": 0.833,
                "y": 0.833
              },
              "s": [
                0
              ],
              "t": 65
            },
            {
              "s": [
                20
              ],
              "t": 66
            }
          ]
        }
      },
      "shapes": [
        {
          "ty": "sh",
          "bm": 0,
          "hd": false,
          "mn": "ADBE Vector Shape - Group",
          "nm": "Path 1",
          "ix": 1,
          "d": 1,
          "ks": {
            "a": 0,
            "k": {
              "c": true,
              "i": [
                [
                  0,
                  -5.919
                ],
                [
                  14.359,
                  0
                ],
                [
                  0,
                  5.919
                ],
                [
                  -14.359,
                  0
                ]
              ],
              "o": [
                [
                  0,
                  5.919
                ],
                [
                  -14.359,
                  0
                ],
                [
                  0,
                  -5.919
                ],
                [
                  14.359,
                  0
                ]
              ],
              "v": [
                [
                  52,
                  10.718
                ],
                [
                  26,
                  21.436
                ],
                [
                  0,
                  10.718
                ],
                [
                  26,
                  0
                ]
              ]
            }
          }
        },
        {
          "ty": "fl",
          "bm": 0,
          "hd": false,
          "mn": "ADBE Vector Graphic - Fill",
          "nm": "Fill 1",
          "c": {
            "a": 0,
            "k": [
              0.1294,
              0.1294,
              0.1294
            ]
          },
          "r": 1,
          "o": {
            "a": 0,
            "k": 100
          }
        }
      ],
      "ind": 5
    }
  ],
  "v": "5.7.0",
  "fr": 28,
  "op": 10,
  "ip": 0,
  "assets": []
}